{"sum": 1637012242.0, "min": 100299.0, "max": 999762.0, "avg": 542596.0364600597, "std": 260564.9289095116}