{"sum": 49236211.0, "min": 115.0, "max": 99831.0, "avg": 49285.4964964965, "std": 29056.34126688278}