{
    "sum": 1088449479.0,
    "min": 10018.0,
    "max": 499769.0,
    "avg": 257316.66170212766,
    "std": 143187.77200042468
}