{"sum": 422983.85, "min": 107.0, "max": 9400.0, "avg": 755.3283035714285, "std": 770.5083563835915}